<annotation>
	<folder>04_minion</folder>
	<filename>IMG-20240611-WA0117.jpg</filename>
	<path>C:\Users\12269\OneDrive - Conestoga College\Desktop\04_minion\IMG-20240611-WA0117.jpg</path>
	<source>
		<database>Unknown</database>
	</source>
	<size>
		<width>700</width>
		<height>901</height>
		<depth>3</depth>
	</size>
	<segmented>0</segmented>
	<object>
		<name>04_minion</name>
		<pose>Unspecified</pose>
		<truncated>0</truncated>
		<difficult>0</difficult>
		<bndbox>
			<xmin>12</xmin>
			<ymin>24</ymin>
			<xmax>692</xmax>
			<ymax>890</ymax>
		</bndbox>
	</object>
</annotation>
