<annotation>
	<folder>04_minion</folder>
	<filename>IMG-20240611-WA0110.jpg</filename>
	<path>C:\Users\12269\OneDrive - Conestoga College\Desktop\04_minion\IMG-20240611-WA0110.jpg</path>
	<source>
		<database>Unknown</database>
	</source>
	<size>
		<width>480</width>
		<height>480</height>
		<depth>3</depth>
	</size>
	<segmented>0</segmented>
	<object>
		<name>04_minion</name>
		<pose>Unspecified</pose>
		<truncated>0</truncated>
		<difficult>0</difficult>
		<bndbox>
			<xmin>6</xmin>
			<ymin>4</ymin>
			<xmax>454</xmax>
			<ymax>470</ymax>
		</bndbox>
	</object>
</annotation>
