<annotation>
	<folder>04_minion</folder>
	<filename>IMG-20240611-WA0106.jpg</filename>
	<path>C:\Users\12269\OneDrive - Conestoga College\Desktop\04_minion\IMG-20240611-WA0106.jpg</path>
	<source>
		<database>Unknown</database>
	</source>
	<size>
		<width>187</width>
		<height>220</height>
		<depth>3</depth>
	</size>
	<segmented>0</segmented>
	<object>
		<name>04_minion</name>
		<pose>Unspecified</pose>
		<truncated>0</truncated>
		<difficult>0</difficult>
		<bndbox>
			<xmin>14</xmin>
			<ymin>9</ymin>
			<xmax>172</xmax>
			<ymax>211</ymax>
		</bndbox>
	</object>
</annotation>
