<annotation>
	<folder>04_flower</folder>
	<filename>IMG-20240611-WA0068.jpg</filename>
	<path>C:\Users\12269\OneDrive - Conestoga College\Desktop\04_flower\IMG-20240611-WA0068.jpg</path>
	<source>
		<database>Unknown</database>
	</source>
	<size>
		<width>1536</width>
		<height>2048</height>
		<depth>3</depth>
	</size>
	<segmented>0</segmented>
	<object>
		<name>04_flower</name>
		<pose>Unspecified</pose>
		<truncated>0</truncated>
		<difficult>0</difficult>
		<bndbox>
			<xmin>135</xmin>
			<ymin>468</ymin>
			<xmax>1162</xmax>
			<ymax>1492</ymax>
		</bndbox>
	</object>
</annotation>
