<annotation>
	<folder>04_minion</folder>
	<filename>IMG-20240611-WA0109.jpg</filename>
	<path>C:\Users\12269\OneDrive - Conestoga College\Desktop\04_minion\IMG-20240611-WA0109.jpg</path>
	<source>
		<database>Unknown</database>
	</source>
	<size>
		<width>1361</width>
		<height>1600</height>
		<depth>3</depth>
	</size>
	<segmented>0</segmented>
	<object>
		<name>04_minion</name>
		<pose>Unspecified</pose>
		<truncated>0</truncated>
		<difficult>0</difficult>
		<bndbox>
			<xmin>60</xmin>
			<ymin>65</ymin>
			<xmax>1284</xmax>
			<ymax>1513</ymax>
		</bndbox>
	</object>
</annotation>
