<annotation>
	<folder>04_minion</folder>
	<filename>IMG-20240611-WA0042.jpg</filename>
	<path>C:\Users\12269\OneDrive - Conestoga College\Desktop\04_minion\IMG-20240611-WA0042.jpg</path>
	<source>
		<database>Unknown</database>
	</source>
	<size>
		<width>1530</width>
		<height>2040</height>
		<depth>3</depth>
	</size>
	<segmented>0</segmented>
	<object>
		<name>04_minion</name>
		<pose>Unspecified</pose>
		<truncated>0</truncated>
		<difficult>0</difficult>
		<bndbox>
			<xmin>21</xmin>
			<ymin>186</ymin>
			<xmax>1268</xmax>
			<ymax>1677</ymax>
		</bndbox>
	</object>
</annotation>
